{"IcoMoonType":"selection","icons":[{"icon":{"paths":["M736 0h-448c-52.8 0-96 43.2-96 96v832c0 52.8 43.2 96 96 96h448c52.8 0 96-43.2 96-96v-832c0-52.8-43.2-96-96-96zM384 48h256v32h-256v-32zM512 960c-35.346 0-64-28.654-64-64s28.654-64 64-64 64 28.654 64 64-28.654 64-64 64zM768 768h-512v-640h512v640z"],"tags":["mobile","cell-phone","handheld"],"defaultCode":59736,"grid":16,"attrs":[]},"attrs":[],"properties":{"ligatures":"mobile, cell-phone","name":"mobile","order":3,"id":89,"prevSize":32,"code":59736},"setIdx":0,"setId":1,"iconIdx":88},{"icon":{"paths":["M320 192c0-106.039 85.961-192 192-192s192 85.961 192 192c0 106.039-85.961 192-192 192s-192-85.961-192-192zM768.078 448h-35.424l-199.104 404.244 74.45-372.244-96-96-96 96 74.45 372.244-199.102-404.244h-35.424c-127.924 0-127.924 85.986-127.924 192v320h768v-320c0-106.014 0-192-127.922-192z"],"tags":["user-tie","user","user-employee","profile","avatar","person","member","job","official"],"defaultCode":59766,"grid":16,"attrs":[]},"attrs":[],"properties":{"ligatures":"user-tie, user5","name":"user-tie","order":4,"id":119,"prevSize":32,"code":59766},"setIdx":0,"setId":1,"iconIdx":118},{"icon":{"paths":["M853.342 0h-682.656c-93.874 0-170.686 76.81-170.686 170.69v682.622c0 93.938 76.812 170.688 170.686 170.688h682.656c93.876 0 170.658-76.75 170.658-170.69v-682.62c0-93.88-76.782-170.69-170.658-170.69zM853.342 128c7.988 0 15.546 2.334 22.020 6.342l-363.362 300.404-363.354-300.4c6.478-4.010 14.044-6.346 22.040-6.346h682.656zM170.686 896c-1.924 0-3.82-0.146-5.684-0.408l225.626-312.966-29.256-29.254-233.372 233.37v-611.138l384 464.396 384-464.394v611.136l-233.372-233.37-29.254 29.254 225.628 312.968c-1.858 0.26-3.746 0.406-5.662 0.406h-682.654z"],"tags":["mail","contact","support","newsletter","letter","email","envelop","social"],"defaultCode":60036,"grid":16,"attrs":[]},"attrs":[],"properties":{"ligatures":"mail3, contact3","name":"mail2","order":2,"id":389,"prevSize":32,"code":60036},"setIdx":0,"setId":1,"iconIdx":388}],"height":1024,"metadata":{"name":"icomoon"},"preferences":{"showGlyphs":true,"showQuickUse":true,"showQuickUse2":true,"showSVGs":true,"fontPref":{"prefix":"icon-","metadata":{"fontFamily":"icomoon"},"metrics":{"emSize":1024,"baseline":6.25,"whitespace":50},"embed":false},"imagePref":{"prefix":"icon-","png":true,"useClassSelector":true,"color":0,"bgColor":16777215,"classSelector":".icon"},"historySize":50,"showCodes":true,"gridSize":16}}